{"mode": "train", "epoch": 1, "iter": 50, "lr": 0.00198, "memory": 2014, "data_time": 0.05012, "loss_rpn_cls": 0.46076, "loss_rpn_bbox": 0.0522, "loss_cls": 0.53782, "acc": 90.34277, "loss_bbox": 0.10406, "loss": 1.15483, "grad_norm": 7.32585, "time": 0.31484}
{"mode": "train", "epoch": 1, "iter": 100, "lr": 0.00398, "memory": 2019, "data_time": 0.00615, "loss_rpn_cls": 0.16433, "loss_rpn_bbox": 0.04716, "loss_cls": 0.31794, "acc": 94.08203, "loss_bbox": 0.22478, "loss": 0.7542, "grad_norm": 3.25726, "time": 0.23614}
{"mode": "train", "epoch": 1, "iter": 150, "lr": 0.00597, "memory": 2019, "data_time": 0.00606, "loss_rpn_cls": 0.15025, "loss_rpn_bbox": 0.05199, "loss_cls": 0.38842, "acc": 92.00098, "loss_bbox": 0.30578, "loss": 0.89644, "grad_norm": 2.74416, "time": 0.23245}
{"mode": "train", "epoch": 1, "iter": 200, "lr": 0.00797, "memory": 2019, "data_time": 0.00615, "loss_rpn_cls": 0.14754, "loss_rpn_bbox": 0.057, "loss_cls": 0.3377, "acc": 93.17871, "loss_bbox": 0.25983, "loss": 0.80207, "grad_norm": 3.08003, "time": 0.23267}
{"mode": "train", "epoch": 1, "iter": 250, "lr": 0.00997, "memory": 2019, "data_time": 0.0063, "loss_rpn_cls": 0.11731, "loss_rpn_bbox": 0.04383, "loss_cls": 0.37013, "acc": 92.55078, "loss_bbox": 0.28203, "loss": 0.8133, "grad_norm": 2.85538, "time": 0.23397}
{"mode": "train", "epoch": 1, "iter": 300, "lr": 0.01197, "memory": 2019, "data_time": 0.00622, "loss_rpn_cls": 0.11889, "loss_rpn_bbox": 0.04726, "loss_cls": 0.34789, "acc": 92.77246, "loss_bbox": 0.27049, "loss": 0.78453, "grad_norm": 2.51643, "time": 0.23198}
