{"mode": "train", "epoch": 1, "iter": 50, "lr": 0.00198, "memory": 2014, "data_time": 0.05012, "loss_rpn_cls": 0.46076, "loss_rpn_bbox": 0.0522, "loss_cls": 0.53782, "acc": 90.34277, "loss_bbox": 0.10406, "loss": 1.15483, "grad_norm": 7.32585, "time": 0.31484}
{"mode": "train", "epoch": 1, "iter": 100, "lr": 0.00398, "memory": 2019, "data_time": 0.00615, "loss_rpn_cls": 0.16433, "loss_rpn_bbox": 0.04716, "loss_cls": 0.31794, "acc": 94.08203, "loss_bbox": 0.22478, "loss": 0.7542, "grad_norm": 3.25726, "time": 0.23614}
{"mode": "train", "epoch": 1, "iter": 150, "lr": 0.00597, "memory": 2019, "data_time": 0.00606, "loss_rpn_cls": 0.15025, "loss_rpn_bbox": 0.05199, "loss_cls": 0.38842, "acc": 92.00098, "loss_bbox": 0.30578, "loss": 0.89644, "grad_norm": 2.74416, "time": 0.23245}
{"mode": "train", "epoch": 1, "iter": 200, "lr": 0.00797, "memory": 2019, "data_time": 0.00615, "loss_rpn_cls": 0.14754, "loss_rpn_bbox": 0.057, "loss_cls": 0.3377, "acc": 93.17871, "loss_bbox": 0.25983, "loss": 0.80207, "grad_norm": 3.08003, "time": 0.23267}
{"mode": "train", "epoch": 1, "iter": 250, "lr": 0.00997, "memory": 2019, "data_time": 0.0063, "loss_rpn_cls": 0.11731, "loss_rpn_bbox": 0.04383, "loss_cls": 0.37013, "acc": 92.55078, "loss_bbox": 0.28203, "loss": 0.8133, "grad_norm": 2.85538, "time": 0.23397}
{"mode": "train", "epoch": 1, "iter": 300, "lr": 0.01197, "memory": 2019, "data_time": 0.00622, "loss_rpn_cls": 0.11889, "loss_rpn_bbox": 0.04726, "loss_cls": 0.34789, "acc": 92.77246, "loss_bbox": 0.27049, "loss": 0.78453, "grad_norm": 2.51643, "time": 0.23198}
{"mode": "train", "epoch": 1, "iter": 350, "lr": 0.01397, "memory": 2019, "data_time": 0.00663, "loss_rpn_cls": 0.11508, "loss_rpn_bbox": 0.04398, "loss_cls": 0.34566, "acc": 92.42383, "loss_bbox": 0.2759, "loss": 0.78062, "grad_norm": 2.67567, "time": 0.23486}
{"mode": "train", "epoch": 1, "iter": 400, "lr": 0.01596, "memory": 2019, "data_time": 0.00645, "loss_rpn_cls": 0.12597, "loss_rpn_bbox": 0.05179, "loss_cls": 0.36829, "acc": 92.57324, "loss_bbox": 0.26315, "loss": 0.80919, "grad_norm": 2.52227, "time": 0.23583}
{"mode": "train", "epoch": 1, "iter": 450, "lr": 0.01796, "memory": 2019, "data_time": 0.00638, "loss_rpn_cls": 0.10179, "loss_rpn_bbox": 0.03973, "loss_cls": 0.34974, "acc": 92.28711, "loss_bbox": 0.26594, "loss": 0.75719, "grad_norm": 2.1751, "time": 0.23418}
{"mode": "train", "epoch": 1, "iter": 500, "lr": 0.01996, "memory": 2019, "data_time": 0.00638, "loss_rpn_cls": 0.11407, "loss_rpn_bbox": 0.04899, "loss_cls": 0.35123, "acc": 92.11621, "loss_bbox": 0.26744, "loss": 0.78173, "grad_norm": 1.998, "time": 0.23201}
{"mode": "train", "epoch": 1, "iter": 550, "lr": 0.02, "memory": 2019, "data_time": 0.00644, "loss_rpn_cls": 0.1066, "loss_rpn_bbox": 0.04605, "loss_cls": 0.32384, "acc": 92.88086, "loss_bbox": 0.23965, "loss": 0.71614, "grad_norm": 2.07108, "time": 0.23445}
{"mode": "train", "epoch": 1, "iter": 600, "lr": 0.02, "memory": 2019, "data_time": 0.00622, "loss_rpn_cls": 0.13201, "loss_rpn_bbox": 0.04904, "loss_cls": 0.38497, "acc": 91.74219, "loss_bbox": 0.26795, "loss": 0.83397, "grad_norm": 2.30914, "time": 0.23408}
{"mode": "train", "epoch": 1, "iter": 650, "lr": 0.02, "memory": 2019, "data_time": 0.00645, "loss_rpn_cls": 0.09691, "loss_rpn_bbox": 0.04518, "loss_cls": 0.32643, "acc": 92.28516, "loss_bbox": 0.24577, "loss": 0.71429, "grad_norm": 1.7623, "time": 0.23608}
{"mode": "train", "epoch": 1, "iter": 700, "lr": 0.02, "memory": 2019, "data_time": 0.00659, "loss_rpn_cls": 0.11518, "loss_rpn_bbox": 0.05558, "loss_cls": 0.41163, "acc": 90.66406, "loss_bbox": 0.29427, "loss": 0.87666, "grad_norm": 2.28413, "time": 0.2344}
{"mode": "train", "epoch": 1, "iter": 750, "lr": 0.02, "memory": 2019, "data_time": 0.00658, "loss_rpn_cls": 0.13821, "loss_rpn_bbox": 0.06062, "loss_cls": 0.4026, "acc": 90.97656, "loss_bbox": 0.28727, "loss": 0.8887, "grad_norm": 2.18823, "time": 0.23498}
{"mode": "train", "epoch": 1, "iter": 800, "lr": 0.02, "memory": 2019, "data_time": 0.00631, "loss_rpn_cls": 0.10098, "loss_rpn_bbox": 0.04606, "loss_cls": 0.37801, "acc": 91.31738, "loss_bbox": 0.27424, "loss": 0.79929, "grad_norm": 2.15408, "time": 0.23525}
{"mode": "train", "epoch": 1, "iter": 850, "lr": 0.02, "memory": 2019, "data_time": 0.0064, "loss_rpn_cls": 0.09028, "loss_rpn_bbox": 0.03883, "loss_cls": 0.32452, "acc": 92.23633, "loss_bbox": 0.23545, "loss": 0.68908, "grad_norm": 1.60432, "time": 0.23243}
{"mode": "train", "epoch": 1, "iter": 900, "lr": 0.02, "memory": 2019, "data_time": 0.00609, "loss_rpn_cls": 0.08376, "loss_rpn_bbox": 0.04242, "loss_cls": 0.32546, "acc": 92.10938, "loss_bbox": 0.24051, "loss": 0.69215, "grad_norm": 1.76576, "time": 0.23398}
{"mode": "train", "epoch": 1, "iter": 950, "lr": 0.02, "memory": 2019, "data_time": 0.00643, "loss_rpn_cls": 0.08751, "loss_rpn_bbox": 0.04506, "loss_cls": 0.3658, "acc": 91.09961, "loss_bbox": 0.26535, "loss": 0.76372, "grad_norm": 1.87363, "time": 0.23316}
{"mode": "train", "epoch": 1, "iter": 1000, "lr": 0.02, "memory": 2019, "data_time": 0.0067, "loss_rpn_cls": 0.10603, "loss_rpn_bbox": 0.05396, "loss_cls": 0.38852, "acc": 90.76074, "loss_bbox": 0.28813, "loss": 0.83664, "grad_norm": 1.95454, "time": 0.23349}
{"mode": "train", "epoch": 1, "iter": 1050, "lr": 0.02, "memory": 2019, "data_time": 0.00625, "loss_rpn_cls": 0.09344, "loss_rpn_bbox": 0.04659, "loss_cls": 0.37507, "acc": 90.92676, "loss_bbox": 0.26441, "loss": 0.7795, "grad_norm": 1.96647, "time": 0.2317}
{"mode": "train", "epoch": 1, "iter": 1100, "lr": 0.02, "memory": 2019, "data_time": 0.0062, "loss_rpn_cls": 0.10221, "loss_rpn_bbox": 0.04694, "loss_cls": 0.36345, "acc": 91.22656, "loss_bbox": 0.25918, "loss": 0.77178, "grad_norm": 1.9897, "time": 0.23555}
{"mode": "train", "epoch": 1, "iter": 1150, "lr": 0.02, "memory": 2019, "data_time": 0.00635, "loss_rpn_cls": 0.08032, "loss_rpn_bbox": 0.04221, "loss_cls": 0.3298, "acc": 92.04883, "loss_bbox": 0.23604, "loss": 0.68837, "grad_norm": 1.68216, "time": 0.23272}
{"mode": "train", "epoch": 1, "iter": 1200, "lr": 0.02, "memory": 2019, "data_time": 0.00629, "loss_rpn_cls": 0.05868, "loss_rpn_bbox": 0.03422, "loss_cls": 0.29123, "acc": 92.40332, "loss_bbox": 0.2122, "loss": 0.59632, "grad_norm": 1.63141, "time": 0.23098}
